"url","Energy","Size","AKC Dog Rank","Personality1","Personality2","Personality3","Group","Personality Description","Breed"
"http://www.akc.org/dog-breeds/american-english-coonhound/","high ENERGY","large size","171","Mellow","Sociable","Sweet","Hound Group","Sweet, Melow, Sociable","American English Coonhound"
"http://www.akc.org/dog-breeds/akita/","medium ENERGY","large size","47","Courageous","Dignified","Profoundly Loyal","Working Group","Dignified, courageous, and profoundly loyal.","Akita"
"http://www.akc.org/dog-breeds/airedale-terrier/","medium ENERGY","medium size","54","Clever","Courageous","Friendly","Terrier Group","Clever, confident, proud; friendly but courageous.","Airedale Terrier"
"http://www.akc.org/dog-breeds/american-hairless-terrier/","medium ENERGY","small size","57","Alert","Curious","Energetic","Terrier Group","Friendly, lovable, inquisitive; fearlessly game for just about anything.","American Hairless Terrier"
"http://www.akc.org/dog-breeds/affenpinscher/","medium ENERGY","small size","141","Confident","Famously Funny","Fearless","Toy Group","Loyal, curious, famously funny; fearless out of all proportion to their size.","Affenpinscher"
"http://www.akc.org/dog-breeds/american-eskimo-dog/","medium ENERGY","medium size","123","Perky","Playful","Smart","Non Sporting Group","Playful, perky, very smart; an excellent trick dog.","American Eskimo Dog"
"http://www.akc.org/dog-breeds/american-foxhound/","high ENERGY","large size","186","Easy-going","Independent","Sweet-tempered","Hound Group","Sweet-tempered and easygoing, but also stubborn and independent","American Foxhound"
"http://www.akc.org/dog-breeds/alaskan-malamute/","high ENERGY","large size","55","Affectionate","Loyal","Playful","Working Group","Affectionate, loyal, playful but dignified.","Alaskan Malamute"
"http://www.akc.org/dog-breeds/afghan-hound/","high ENERGY","large size","104","Independent","Silly","Sweet","Hound Group","A breed of charming contradictions: independent and aloof, but sweet and profoundly loyal.","Afghan Hound"
"http://www.akc.org/dog-breeds/american-staffordshire-terrier/","medium ENERGY","medium size","80","Confident","Good-natured","Smart","Terrier Group","Smart, confident, good-natured companions.","American Staffordshire Terrier"
"http://www.akc.org/dog-breeds/australian-cattle-dog/","high ENERGY","medium size","58","Alert","Curious","Pleasant","Herding Group","Alert, curious, and pleasant.","Australian Cattle Dog"
"http://www.akc.org/dog-breeds/american-leopard-hound/",,,,,,,"FSS",,"American Leopard Hound"
"http://www.akc.org/dog-breeds/anatolian-shepherd-dog/","medium ENERGY","large size","96","Independent","Loyal","Reserved","Working Group","Calm, watchful, loyal, and smart; protective and territorial.","Anatolian Shepherd Dog"
"http://www.akc.org/dog-breeds/australian-shepherd/","high ENERGY","medium size","17","Exuberant","Smart","Work-oriented","Herding Group","Smart, work-oriented, exuberant—did we mention smart?","Australian Shepherd"
"http://www.akc.org/dog-breeds/australian-terrier/","high ENERGY","small size","130","Affectionate","Courageous","Spirited","Terrier Group","Plucky, spirited, and smart.","Australian Terrier"
"http://www.akc.org/dog-breeds/appenzeller-sennenhunde/",,,,,,,"FSS",,"Appenzeller Sennenhunde"
"http://www.akc.org/dog-breeds/azawakh/","high ENERGY","large size",,,,,"Miscellaneous",,"Azawakh"
"http://www.akc.org/dog-breeds/american-water-spaniel/","medium ENERGY","medium size","162","Charming","Eager","Happy","Sporting Group","Happy, eager, and charming; aloof with strangers, and a little stubborn.","American Water Spaniel"
"http://www.akc.org/dog-breeds/basset-hound/","medium ENERGY","medium size","40","Charming","Low-key","Patient","Hound Group","Easygoing, laid-back, and even a bit lazy, Bassets are great family pets.","Basset Hound"
"http://www.akc.org/dog-breeds/barbet/","low ENERGY","small size",,,,,,,"Barbet"
"http://www.akc.org/dog-breeds/basset-fauve-de-bretagne/",,,,,,,"FSS",,"Basset Fauve de Bretagne"
"http://www.akc.org/dog-breeds/bedlington-terrier/","medium ENERGY","medium size","151",,,,"Terrier Group","Frollicking, charming, and full of fun; a loyal member of the family.","Bedlington Terrier"
"http://www.akc.org/dog-breeds/belgian-laekenois/","high ENERGY","large size",,"Affectionate","Alert","Intelligent","Miscellaneous",,"Belgian Laekenois"
"http://www.akc.org/dog-breeds/bearded-collie/","medium ENERGY","medium size","124","Bouncy","Charismatic","Smart","Herding Group","Bouncy, charismatic, friendly; smart, but also stubborn and independent.","Bearded Collie"
"http://www.akc.org/dog-breeds/beagle/","medium ENERGY","small size","5","Curious","Friendly","Merry","Hound Group","Beagles are loving and lovable, happy, easygoing, and companionable.","Beagle"
"http://www.akc.org/dog-breeds/belgian-malinois/","high ENERGY","large size","52","Confident","Hardworking","Smart","Herding Group","Smart, confident, hardworking, and steadfastly loyal.","Belgian Malinois"
"http://www.akc.org/dog-breeds/belgian-sheepdog/","high ENERGY","medium size","125","Bright","Serious-minded","Watchful","Herding Group","Serious-minded, watchful, and very bright and trainable","Belgian Sheepdog"
"http://www.akc.org/dog-breeds/beauceron/","high ENERGY","large size","147","Faithful","Gentle","Obedient","Herding Group","Smart, obedient, gentle; reserved with strangers, loving and eager to please with preferred humans.","Beauceron"
"http://www.akc.org/dog-breeds/belgian-tervuren/","high ENERGY","medium size","102","Alert","Courageous","Intelligent","Herding Group","Smart, self-assured, very trainable; affectionate and possessive with loved ones.","Belgian Tervuren"
"http://www.akc.org/dog-breeds/bergamasco/","medium ENERGY","large size","179","Independent","Intelligent","Sociable","Herding Group",,"Bergamasco"
"http://www.akc.org/dog-breeds/basenji/","high ENERGY","medium size","91","Independent","Poised","Smart","Hound Group","An intelligent, independent, but affectionate and alert breed. Can be aloof with strangers.","Basenji"
"http://www.akc.org/dog-breeds/berger-picard/","medium ENERGY","medium size","89","Good-natured","Loyal","Observant","Herding Group",,"Berger Picard"
"http://www.akc.org/dog-breeds/bichon-frise/","medium ENERGY","small size","45","Curious","Peppy","Playful","Non Sporting Group","Playful, curious, and peppy.","Bichon Frise"
"http://www.akc.org/dog-breeds/bernese-mountain-dog/","medium ENERGY","large size","30","Calm","Good-natured","Strong","Working Group","Good-natured and calm.","Bernese Mountain Dog"
"http://www.akc.org/dog-breeds/black-and-tan-coonhound/","medium ENERGY","medium size","132","Brave","Bright","Easy-going","Hound Group","Easygoing, friendly, bright; mellow by the fireside, rugged and brave on the trail.","Black and Tan Coonhound"
"http://www.akc.org/dog-breeds/black-russian-terrier/","medium ENERGY","large size","121","Calm","Intelligent","Powerful","Working Group","Smart, confident, courageous; protective of loved ones, aloof with strangers.","Black Russian Terrier"
"http://www.akc.org/dog-breeds/bloodhound/","medium ENERGY","large size","49","Friendly","Independent","Inquisitive","Hound Group","Inquisitive, independent, friendly, affectionate with family, can be reserved with strangers","Bloodhound"
"http://www.akc.org/dog-breeds/bluetick-coonhound/","high ENERGY","medium size","128","Devoted","Smart","Tenacious","Hound Group","A smart and devoted charmer at home; a fearless, tenacious pursuer on the trail.","Bluetick Coonhound"
"http://www.akc.org/dog-breeds/boerboel/","medium ENERGY","large size","131","Calm","Confident","Intelligent","Working Group",,"Boerboel"
"http://www.akc.org/dog-breeds/border-collie/","high ENERGY","medium size","39","Affectionate","Energetic","Remarkably Smart","Herding Group","Remarkably smart workaholics; not adverse to a good cuddle.","Border Collie"
"http://www.akc.org/dog-breeds/biewer-terrier/","low ENERGY","small size",,,,,,,"Biewer Terrier"
"http://www.akc.org/dog-breeds/border-terrier/","medium ENERGY","small size","83","Affectionate","Happy","Plucky","Terrier Group","Plucky, happy, affectionate.","Border Terrier"
"http://www.akc.org/dog-breeds/boston-terrier/","medium ENERGY","small size","23","Amusing","Bright","Friendly","Non Sporting Group","Friendly, bright, amusing, and adaptable.","Boston Terrier"
"http://www.akc.org/dog-breeds/bouvier-des-flandres/","high ENERGY","large size","86",,,,"Herding Group","Strong-willed, even-tempered, courageous; affectionate with family, intimidating to intruders.","Bouvier des Flandres"
"http://www.akc.org/dog-breeds/boxer/","high ENERGY","medium size","10","Active","Bright","Fun-loving","Working Group","Fun-loving, bright, active and loyal.","Boxer"
"http://www.akc.org/dog-breeds/bolognese/",,,,,,,"FSS",,"Bolognese"
"http://www.akc.org/dog-breeds/borzoi/","medium ENERGY","large size","93","Affectionate","Loyal","Regally Dignified","Hound Group","Loyal, affectionate, regally dignified; charming but independent-minded.","Borzoi"
"http://www.akc.org/dog-breeds/braque-du-bourbonnais/","low ENERGY","medium size",,,,,,,"Braque du Bourbonnais"
"http://www.akc.org/dog-breeds/brittany/","high ENERGY","medium size","27","Bright","Fun-loving","Upbeat","Sporting Group","Bright, upbeat, fun-loving at home; a tireless, enthusiastic worker afield.","Brittany"
"http://www.akc.org/dog-breeds/briard/","medium ENERGY","medium size","135","Confident","Faithful","Smart","Herding Group","A whole lot of dog: smart, confident, faithful, with plenty of joie de vivre.","Briard"
"http://www.akc.org/dog-breeds/brussels-griffon/","medium ENERGY","small size","99","Alert","Curious","Loyal","Toy Group","Alert, curious, and loyal.","Brussels Griffon"
"http://www.akc.org/dog-breeds/bulldog/","medium ENERGY","medium size","4","Calm","Courageous","Friendly","Non Sporting Group","Calm, courageous, and friendly; dignified but amusing.","Bulldog"
"http://www.akc.org/dog-breeds/boykin-spaniel/","medium ENERGY","medium size","111","Eager","Friendly","Lovable","Sporting Group","A classic spaniel: friendly, eager, trainable, and lovable.","Boykin Spaniel"
"http://www.akc.org/dog-breeds/bull-terrier/","high ENERGY","medium size","56","Charming","Mischievous","Playful","Terrier Group","Playful and charming; sometimes mischievous, always loyal.","Bull Terrier"
"http://www.akc.org/dog-breeds/bracco-italiano/","medium ENERGY","medium size",,,,,,,"Bracco Italiano"
"http://www.akc.org/dog-breeds/cairn-terrier/","medium ENERGY","small size","72","Alert","Busy","Cheerful","Terrier Group","Cheerful, alert, busy and independent-minded.","Cairn Terrier"
"http://www.akc.org/dog-breeds/bullmastiff/","medium ENERGY","large size","44","Affectionate","Brave","Loyal","Working Group","Brave, affectionate, and loyal, the Bullmastiff will always have your back.","Bullmastiff"
"http://www.akc.org/dog-breeds/broholmer/","medium ENERGY","large size",,,,,,,"Broholmer"
"http://www.akc.org/dog-breeds/cane-corso/","medium ENERGY","large size","36","Affectionate","Intelligent","Majestic","Working Group","Smart, trainable, and noble of bearing; assertive and confident, Corsi are peerless protectors.","Cane Corso"
"http://www.akc.org/dog-breeds/cardigan-welsh-corgi/","medium ENERGY","medium size","79","Affectionate","Loyal","Smart","Herding Group","Loyal, affectionate, and smart; even-tempered, never shy.","Cardigan Welsh Corgi"
"http://www.akc.org/dog-breeds/catahoula-leopard-dog/",,,,,,,"FSS",,"Catahoula Leopard Dog"
"http://www.akc.org/dog-breeds/caucasian-ovcharka/","medium ENERGY","large size",,,,,,,"Caucasian Ovcharka"
"http://www.akc.org/dog-breeds/cavalier-king-charles-spaniel/","medium ENERGY","small size","19","Affectionate","Gentle","Graceful","Toy Group","Affectionate, graceful, and gentle.","Cavalier King Charles Spaniel"
"http://www.akc.org/dog-breeds/canaan-dog/","medium ENERGY","medium size","175","Alert","Confident","Vigilant","Herding Group","Alert, vigilant, territorial; docile with family, aloof with strangers.","Canaan Dog"
"http://www.akc.org/dog-breeds/central-asian-shepherd-dog/",,,,,,,"FSS",,"Central Asian Shepherd Dog"
"http://www.akc.org/dog-breeds/chesapeake-bay-retriever/","high ENERGY","large size","43","Affectionate","Bright","Sensitive","Sporting Group","Bright, sensitive, perceptive; affectionate and family-oriented.","Chesapeake Bay Retriever"
"http://www.akc.org/dog-breeds/chihuahua/","medium ENERGY","small size","29","Charming","Graceful","Sassy","Toy Group","Graceful, charming, and sassy.","Chihuahua"
"http://www.akc.org/dog-breeds/chinese-crested/","medium ENERGY","small size","78","Affectionate","Alert","Lively","Toy Group","Lively, alert, and affectionate.","Chinese Crested"
"http://www.akc.org/dog-breeds/chinese-shar-pei/","medium ENERGY","medium size","61","Calm","Independent","Loyal","Non Sporting Group","Steadfastly devoted to loved ones, but standoffish and lordly toward strangers.","Chinese Shar-Pei"
"http://www.akc.org/dog-breeds/clumber-spaniel/","medium ENERGY","large size","139","Amusing","Gentlemanly","Mellow","Sporting Group","Mellow, gentlemanly, amiable; dignified but always amusing.","Clumber Spaniel"
"http://www.akc.org/dog-breeds/cesky-terrier/","medium ENERGY","small size","184","Adventurous","Clever","Family-oriented","Terrier Group","Feisty and tenacious at work, but a bit more laid back and trainable than the usual terrier.","Cesky Terrier"
"http://www.akc.org/dog-breeds/collie/","medium ENERGY","large size","37","Devoted","Graceful","Proud","Herding Group","Graceful, devoted, and proud.","Collie"
"http://www.akc.org/dog-breeds/coton-de-tulear/","medium ENERGY","small size","88","Bright","Charming","Happy-go-lucky","Non Sporting Group","Bright, happy-go-lucky, endlessly charming; born to love and to be loved.","Coton de Tulear"
"http://www.akc.org/dog-breeds/curly-coated-retriever/","medium ENERGY","medium size","156","Confident","Proud","Wickedly Smart","Sporting Group","Confident, proud, wickedly smart; a thinking person’s retriever.","Curly-Coated Retriever"
"http://www.akc.org/dog-breeds/chinook/","medium ENERGY","large size","182","Devoted","Patient","Smart","Working Group","Patient, smart, willing to please; a devoted family dog.","Chinook"
"http://www.akc.org/dog-breeds/chow-chow/","medium ENERGY","medium size","76","Bright","Dignified","Serious-minded","Non Sporting Group","Serious-minded, dignified, bright, and aloof.","Chow Chow"
"http://www.akc.org/dog-breeds/cirneco-delletna/","medium ENERGY","medium size","167","Affectionate","Friendly","Independent","Hound Group",,"Cirneco dell’Etna"
"http://www.akc.org/dog-breeds/dachshund/","medium ENERGY","small size","13","Curious","Friendly","Spunky","Hound Group","Go look up the word “spunky.” We’ll wait. Did you see a photo of a Dachsie? We thought so.","Dachshund"
"http://www.akc.org/dog-breeds/cocker-spaniel/","medium ENERGY","medium size","31","Gentle","Happy","Smart","Sporting Group","Happy, smart, gentle.","Cocker Spaniel"
"http://www.akc.org/dog-breeds/dalmatian/","high ENERGY","medium size","64","Dignified","Outgoing","Smart","Non Sporting Group","A well-bred Dal is stable and outgoing; dignified but never shy.","Dalmatian"
"http://www.akc.org/dog-breeds/czechoslovakian-vlcak/","medium ENERGY","small size",,,,,,,"Czechoslovakian Vlcak"
"http://www.akc.org/dog-breeds/deutscher-wachtelhund/",,,,,,,"FSS",,"Deutscher Wachtelhund"
"http://www.akc.org/dog-breeds/doberman-pinscher/","high ENERGY","medium size","14","Alert","Fearless","Loyal","Working Group","Alert, fearless, loyal, and highly trainable.","Doberman Pinscher"
"http://www.akc.org/dog-breeds/dogo-argentino/","medium ENERGY","large size",,"Cheerful","Friendly","Humble","Miscellaneous",,"Dogo Argentino"
"http://www.akc.org/dog-breeds/dogue-de-bordeaux/","medium ENERGY","large size","65","Affectionate","Courageous","Loyal","Working Group","Loyal, affectionate, and protective; courageous but not aggressive.","Dogue de Bordeaux"
"http://www.akc.org/dog-breeds/danish-swedish-farmdog/","low ENERGY","small size",,,,,,,"Danish-Swedish Farmdog"
"http://www.akc.org/dog-breeds/dandie-dinmont-terrier/","medium ENERGY","small size","177","Independent","Proud","Smart","Terrier Group","Independent, proud, smart; affectionate at home, bold and tenacious in the field.","Dandie Dinmont Terrier"
"http://www.akc.org/dog-breeds/english-cocker-spaniel/","medium ENERGY","medium size","61","Energetic","Merry","Responsive","Sporting Group","Merry and responsive, alive with energy.","English Cocker Spaniel"
"http://www.akc.org/dog-breeds/english-foxhound/","medium ENERGY","small size","189","Affectionate","Gentle","Sociable","Hound Group","The prototypical pack hound: gentle, affectionate, and sociable.","English Foxhound"
"http://www.akc.org/dog-breeds/english-springer-spaniel/","medium ENERGY","medium size","28","Friendly","Obedient","Playful","Sporting Group","Friendly, playful, obedient at home; hardworking and steady in the field.","English Springer Spaniel"
"http://www.akc.org/dog-breeds/dutch-shepherd/",,,,,,,"FSS",,"Dutch Shepherd"
"http://www.akc.org/dog-breeds/drentsche-patrijshond/","medium ENERGY","medium size",,,,,,,"Drentsche Patrijshond"
"http://www.akc.org/dog-breeds/drever/",,,,,,,"FSS",,"Drever"
"http://www.akc.org/dog-breeds/english-toy-spaniel/","medium ENERGY","small size","134","Gentle","Intelligent","Playful","Toy Group","A true spaniel—affectionate, alert, and merry.","English Toy Spaniel"
"http://www.akc.org/dog-breeds/english-setter/","medium ENERGY","small size","100","Friendly","Mellow","Merry","Sporting Group","Friendly, merry, and mellow; called the “gentleman of the dog world.”","English Setter"
"http://www.akc.org/dog-breeds/finnish-lapphund/","medium ENERGY","medium size","174","Agile","Alert","Friendly","Herding Group","Reserved with strangers, but usually calm and friendly; submissive at home, courageous at work.","Finnish Lapphund"
"http://www.akc.org/dog-breeds/flat-coated-retriever/","high ENERGY","large size","90","Cheerful","Good-humored","Optimistic","Sporting Group","Happy, confident, intelligent, and forever young.","Flat-Coated Retriever"
"http://www.akc.org/dog-breeds/estrela-mountain-dog/","medium ENERGY","large size",,,,,,,"Estrela Mountain Dog"
"http://www.akc.org/dog-breeds/finnish-spitz/","high ENERGY","medium size","183","Friendly","Good-natured","Lively","Non Sporting Group","Eager, courageous, friendly, and faithful.","Finnish Spitz"
"http://www.akc.org/dog-breeds/eurasier/","low ENERGY","small size",,,,,,,"Eurasier"
"http://www.akc.org/dog-breeds/entlebucher-mountain-dog/","high ENERGY","medium size","164","Enthusiastic","Loyal","Smart","Herding Group","Enthusiastic, loyal, smart; confident but not aggressive.","Entlebucher Mountain Dog"
"http://www.akc.org/dog-breeds/french-bulldog/","medium ENERGY","small size","6","Adaptable","Playful","Smart","Non Sporting Group","Playful, smart, adaptable, and completely irresistible.","French Bulldog"
"http://www.akc.org/dog-breeds/field-spaniel/","medium ENERGY","medium size","150","Fun-loving","Sensitive","Sweet","Sporting Group","Sweet, sensitive, fun-loving, and smart; a real people-pleaser.","Field Spaniel"
"http://www.akc.org/dog-breeds/german-longhaired-pointer/","low ENERGY","small size",,,,,,,"German Longhaired Pointer"
"http://www.akc.org/dog-breeds/german-shorthaired-pointer/","high ENERGY","medium size","11","Friendly","Smart","Willing To Please","Sporting Group","Friendly, smart, willing to please.","German Shorthaired Pointer"
"http://www.akc.org/dog-breeds/german-shepherd-dog/","medium ENERGY","large size","2","Confident","Courageous","Smart","Herding Group","Smart, confident, courageous, and steady; a true dog lover's dog.","German Shepherd Dog"
"http://www.akc.org/dog-breeds/german-pinscher/","high ENERGY","medium size","143","Courageous","Intelligent","Vivacious","Working Group","Intelligent, determined, assertive; playful and vivacious into old age.","German Pinscher"
"http://www.akc.org/dog-breeds/glen-of-imaal-terrier/","medium ENERGY","medium size","173","Bold","Gentle","Spirited","Terrier Group","Gentler, less excitable than most terriers, but still bold and spirited.","Glen of Imaal Terrier"
"http://www.akc.org/dog-breeds/giant-schnauzer/","high ENERGY","large size","84","Alert","Loyal","Trainable","Working Group","Loyal, alert, trainable, with the stable temperament required in big dogs of great strength.","Giant Schnauzer"
"http://www.akc.org/dog-breeds/french-spaniel/",,,,,,,"FSS",,"French Spaniel"
"http://www.akc.org/dog-breeds/golden-retriever/","medium ENERGY","large size","3","Devoted","Friendly","Intelligent","Sporting Group","Intelligent, friendly, and devoted.","Golden Retriever"
"http://www.akc.org/dog-breeds/gordon-setter/","high ENERGY","large size","109","Affectionate","Bold","Confident","Sporting Group","Bold, confident, and resolute afield; sweetly affectionate by the fireside.","Gordon Setter"
"http://www.akc.org/dog-breeds/german-wirehaired-pointer/","high ENERGY","medium size","70","Affectionate","Eager","Enthusiastic","Sporting Group","Affectionate, eager, enthusiastic; aloof but not unfriendly with strangers.","German Wirehaired Pointer"
"http://www.akc.org/dog-breeds/greater-swiss-mountain-dog/","medium ENERGY","large size","81","Dependable","Faithful","Family-oriented","Working Group","Faithful, dependable, family oriented; Swissies are famously even-tempered.","Greater Swiss Mountain Dog"
"http://www.akc.org/dog-breeds/great-dane/","medium ENERGY","large size","15","Dependable","Friendly","Patient","Working Group","Friendly, patient, & dependable.","Great Dane"
"http://www.akc.org/dog-breeds/german-spitz/",,,,,,,"FSS",,"German Spitz"
"http://www.akc.org/dog-breeds/greyhound/","medium ENERGY","large size","152","Gentle","Independent","Noble","Hound Group","Independent, gentle, noble, and oh so sweet, but intense when on the run.","Greyhound"
"http://www.akc.org/dog-breeds/great-pyrenees/","medium ENERGY","large size","69","Calm","Patient","Smart","Working Group","Calm, patient, smart; strong-willed yet affectionate.","Great Pyrenees"
"http://www.akc.org/dog-breeds/harrier/","high ENERGY","medium size","188","Friendly","Outgoing","People-oriented","Hound Group","Outgoing and friendly; true pack hounds, they generally get on well with other dogs.","Harrier"
"http://www.akc.org/dog-breeds/hamiltonstovare/",,,,,,,"FSS",,"Hamiltonstovare"
"http://www.akc.org/dog-breeds/havanese/","medium ENERGY","small size","25","Funny","Intelligent","Outgoing","Toy Group","Outgoing, funny, & intelligent.","Havanese"
"http://www.akc.org/dog-breeds/grand-basset-griffon-vendeen/","high ENERGY","medium size",,"Happy","Independent","Outgoing","Miscellaneous",,"Grand Basset Griffon Vendeen"
"http://www.akc.org/dog-breeds/ibizan-hound/","high ENERGY","medium size","165","Even-tempered","Family-oriented","Polite","Hound Group","Even-tempered and polite; a bit aloof, but a sweet-natured, family-oriented housemate.","Ibizan Hound"
"http://www.akc.org/dog-breeds/irish-setter/","high ENERGY","large size","74","Active","Outgoing","Sweet-natured","Sporting Group","Outgoing, sweet-natured, active, and trainable.","Irish Setter"
"http://www.akc.org/dog-breeds/irish-terrier/","medium ENERGY","medium size","118","Bold","Dashing","Tenderhearted","Terrier Group","Bold, dashing, even reckless; stouthearted at work, tenderhearted at home.","Irish Terrier"
"http://www.akc.org/dog-breeds/irish-water-spaniel/","high ENERGY","medium size","149","Brave","Hardworking","Playful","Sporting Group","Alert and inquisitive; hardworking and brave in the field, playful and affectionate at home.","Irish Water Spaniel"
"http://www.akc.org/dog-breeds/irish-wolfhound/","medium ENERGY","large size","71","Calm","Courageous","Dignified","Hound Group","Calm, dignified, kindly; courageous but not aggressive","Irish Wolfhound"
"http://www.akc.org/dog-breeds/hovawart/","medium ENERGY","medium size",,,,,,,"Hovawart"
"http://www.akc.org/dog-breeds/italian-greyhound/","medium ENERGY","small size","73","Alert","Playful","Sensitive","Toy Group","Sensitive and alert, playful, highly affectionate","Italian Greyhound"
"http://www.akc.org/dog-breeds/jagdterrier/","low ENERGY","small size",,,,,,,"Jagdterrier"
"http://www.akc.org/dog-breeds/irish-red-and-white-setter/","high ENERGY","medium size","153","Courageous","Determined","Spirited","Sporting Group","Fun-loving, friendly, high-spirited; a real handful if bored or neglected.","Irish Red and White Setter"
"http://www.akc.org/dog-breeds/icelandic-sheepdog/","medium ENERGY","medium size","145","Friendly","Inquisitive","Playful","Herding Group","Confident, cheerful, sociable; the expression “man’s best friend” was coined for dogs like this.","Icelandic Sheepdog"
"http://www.akc.org/dog-breeds/japanese-chin/","medium ENERGY","small size","101","Charming","Loving","Noble","Toy Group","A true aristocrat: charming and loving with those they favor, nobly reserved with strangers","Japanese Chin"
"http://www.akc.org/dog-breeds/jindo/",,,,,,,"FSS",,"Jindo"
"http://www.akc.org/dog-breeds/keeshond/","medium ENERGY","medium size","85","Friendly","Lively","Outgoing","Non Sporting Group","Outgoing, lively, friendly to all; a lover, not a fighter","Keeshond"
"http://www.akc.org/dog-breeds/karelian-bear-dog/","high ENERGY","small size",,,,,,,"Karelian Bear Dog"
"http://www.akc.org/dog-breeds/kerry-blue-terrier/","medium ENERGY","medium size","129","Alert","People-oriented","Smart","Terrier Group","Smart and alert; people oriented, with a dash of Irish humor in his heart","Kerry Blue Terrier"
"http://www.akc.org/dog-breeds/komondor/","medium ENERGY","large size","162","Brave","Dignified","Loyal","Working Group","Dignified, brave, protective, steadfastly loyal","Komondor"
"http://www.akc.org/dog-breeds/kai-ken/","low ENERGY","medium size",,,,,,,"Kai Ken"
"http://www.akc.org/dog-breeds/kuvasz/","medium ENERGY","large size","155","Fearless","Loyal","Sweet","Working Group","Intensely loyal, protective, utterly fearless; sweet and patient with family","Kuvasz"
"http://www.akc.org/dog-breeds/labrador-retriever/","high ENERGY","medium size","1","Active","Friendly","Outgoing","Sporting Group","Friendly and outgoing, Labs play well with others","Labrador Retriever"
"http://www.akc.org/dog-breeds/lakeland-terrier/","medium ENERGY","small size","146","Bold","Confident","Friendly","Terrier Group","Brave, bright, confident; affectionate with family, especially kids","Lakeland Terrier"
"http://www.akc.org/dog-breeds/lancashire-heeler/",,,,,,,"FSS",,"Lancashire Heeler"
"http://www.akc.org/dog-breeds/leonberger/","medium ENERGY","large size","97","Friendly","Gentle","Playful","Working Group","Bright, patient, loving, and family oriented","Leonberger"
"http://www.akc.org/dog-breeds/kishu-ken/","low ENERGY","small size",,,,,,,"Kishu Ken"
"http://www.akc.org/dog-breeds/kromfohrlander/",,,,,,,"FSS",,"Kromfohrlander"
"http://www.akc.org/dog-breeds/lhasa-apso/","medium ENERGY","small size","65","Comedian","Confident","Smart","Non Sporting Group","Smart, confident, complex; a family comedian, but regally aloof with strangers","Lhasa Apso"
"http://www.akc.org/dog-breeds/lagotto-romagnolo/","high ENERGY","medium size","75","Affectionate","Keen","Undemanding","Sporting Group",,"Lagotto Romagnolo"
"http://www.akc.org/dog-breeds/lowchen/","medium ENERGY","small size","166","Affectionate","Outgoing","Positive","Non Sporting Group","Affectionate, outgoing, strong willed, and brave as a lion.","Lowchen"
"http://www.akc.org/dog-breeds/manchester-terrier/","medium ENERGY","small size","142","Bright","Keenly Observant","Spirited","Terrier Group","Spirited, bright, keenly observant; dead loyal, in an independent terrier way.","Manchester Terrier"
"http://www.akc.org/dog-breeds/maltese/","medium ENERGY","small size","32","Charming","Gentle","Playful","Toy Group","Gentle, playful, affectionate; fearless in a charming toy-dog way.","Maltese"
"http://www.akc.org/dog-breeds/mastiff/","medium ENERGY","large size","26","Courageous","Dignified","Good-natured","Working Group","Courageous and dignified, but good-natured and docile.","Mastiff"
"http://www.akc.org/dog-breeds/miniature-pinscher/","medium ENERGY","small size","66","Fearless","Fun-loving","Proud","Toy Group","Proud, fearless, and fun-loving, Min Pins are a true “personality breed.""","Miniature Pinscher"
"http://www.akc.org/dog-breeds/miniature-schnauzer/","medium ENERGY","small size","16","Friendly","Obedient","Smart","Terrier Group","Friendly, smart, obedient.","Miniature Schnauzer"
"http://www.akc.org/dog-breeds/miniature-bull-terrier/","medium ENERGY","small size","126","Comical","Mischievous","Upbeat","Terrier Group","Upbeat, mischievous, comical, with terrier fire and fearlessness.","Miniature Bull Terrier"
"http://www.akc.org/dog-breeds/nederlandse-kooikerhondje/","medium ENERGY","medium size",,,,,"Miscellaneous",,"Nederlandse Kooikerhondje"
"http://www.akc.org/dog-breeds/neapolitan-mastiff/","medium ENERGY","large size","110","Dignified","Loyal","Watchful","Working Group","Watchful and dignified; sweet, steady, and loyal with loved ones, calm but wary with strangers.","Neapolitan Mastiff"
"http://www.akc.org/dog-breeds/newfoundland/","medium ENERGY","large size","38","Devoted","Patient","Sweet","Working Group","Sweet, patient, devoted; Newfs are famously good companions","Newfoundland"
"http://www.akc.org/dog-breeds/miniature-american-shepherd/","high ENERGY","medium size","18","Devoted","Good-natured","Intelligent","Herding Group","Good-natured, Devoted, Intelligent","Miniature American Shepherd"
"http://www.akc.org/dog-breeds/norwegian-buhund/","medium ENERGY","medium size","170","Confident","Perceptive","Smart","Herding Group","Smart, perceptive, confident, and a total sweetheart.","Norwegian Buhund"
"http://www.akc.org/dog-breeds/mudi/",,,,,,,"FSS",,"Mudi"
"http://www.akc.org/dog-breeds/norwegian-elkhound/","medium ENERGY","medium size","92","Confident","Dependable","Friendly","Hound Group","Confident, dependable; dignified but friendly.","Norwegian Elkhound"
"http://www.akc.org/dog-breeds/norfolk-terrier/","medium ENERGY","small size","136","Alert","Fearless","Fun-loving","Terrier Group","Alert, fearless, fun-loving, and more sociable than the usual terrier.","Norfolk Terrier"
"http://www.akc.org/dog-breeds/nova-scotia-duck-tolling-retriever/","high ENERGY","medium size","103","Affectionate","Intelligent","Outgoing","Sporting Group","Smart, outgoing, busy; as affectionate and eager to please as any good retriever.","Nova Scotia Duck Tolling Retriever"
"http://www.akc.org/dog-breeds/norwich-terrier/","medium ENERGY","small size","107","Affectionate","Alert","Loyal","Terrier Group","Alert, curious, affectionate, gregarious, loyal","Norwich Terrier"
"http://www.akc.org/dog-breeds/old-english-sheepdog/","medium ENERGY","large size","75","Adaptable","Gentle","Smart","Herding Group","Adaptable, smart, gentle; Old English Sheepdogs are famous for their sweet, agreeable nature.","Old English Sheepdog"
"http://www.akc.org/dog-breeds/norrbottenspets/","low ENERGY","small size",,"Attentive","Calm","Keen","Miscellaneous",,"Norrbottenspets"
"http://www.akc.org/dog-breeds/otterhound/","medium ENERGY","large size","185","Amiable","Boisterous","Even-tempered","Hound Group","A big-personality dog: boisterous, affectionate, cheerful.","Otterhound"
"http://www.akc.org/dog-breeds/parson-russell-terrier/","high ENERGY","medium size","115","Athletic","Clever","Friendly","Terrier Group","Bold, friendly, athletic, and clever.","Parson Russell Terrier"
"http://www.akc.org/dog-breeds/norwegian-lundehund/","medium ENERGY","small size","187","Alert","Energetic","Loyal","Non Sporting Group","Loving and loyal, also brave, tenacious, and a bit stubborn.","Norwegian Lundehund"
"http://www.akc.org/dog-breeds/pembroke-welsh-corgi/","medium ENERGY","medium size","21","Affectionate","Alert","Smart","Herding Group","Smart and alert, affectionate but not pushy, bold but kindly.","Pembroke Welsh Corgi"
"http://www.akc.org/dog-breeds/peruvian-inca-orchid/","medium ENERGY","small size","166","Affectionate","Loyal","Noble","Miscellaneous","Lively, alert, playful; charming and well mannered around the house.","Peruvian Inca Orchid"
"http://www.akc.org/dog-breeds/perro-de-presa-canario/",,,,,,,"FSS",,"Perro de Presa Canario"
"http://www.akc.org/dog-breeds/petit-basset-griffon-vendeen/","medium ENERGY","medium size","148","Alert","Happy","Vivacious","Hound Group","Alert, vivacious, and happy-happy-happy!","Petit Basset Griffon Vendeen"
"http://www.akc.org/dog-breeds/pharaoh-hound/","medium ENERGY","medium size","176","Friendly","Noble","Smart","Hound Group","Smart and alert; noble, but friendly and affectionate.","Pharaoh Hound"
"http://www.akc.org/dog-breeds/pointer/","medium ENERGY","medium size","113","Even-tempered","Hardworking","Loyal","Sporting Group","Even-tempered, alert, hardworking, and loyal; a peerless hunting partner.","Pointer"
"http://www.akc.org/dog-breeds/papillon/","medium ENERGY","small size","49","Alert","Friendly","Happy","Toy Group","Happy, alert, friendly.","Papillon"
"http://www.akc.org/dog-breeds/pekingese/","low ENERGY","small size","83","Affectionate","Loyal","Regal In Manner","Toy Group","Affectionate, loyal, regal in manner.","Pekingese"
"http://www.akc.org/dog-breeds/poodle/","medium ENERGY","medium size","8","Active","Proud","Very Smart","Non Sporting Group","Proud, active and very smart..","Poodle"
"http://www.akc.org/dog-breeds/portuguese-podengo/","high ENERGY","medium size",,"Affectionate","Alert","Intelligent","Miscellaneous",,"Portuguese Podengo"
"http://www.akc.org/dog-breeds/plott/","medium ENERGY","medium size","150","Alert","Intelligent","Loyal","Hound Group","Sweetly gentle with people, but fearless, implacable, and bold at work.","Plott"
"http://www.akc.org/dog-breeds/pomeranian/","medium ENERGY","small size","22",,,,"Toy Group","Lively, bold, and inquisitive—a prototypical ""personality breed"".","Pomeranian"
"http://www.akc.org/dog-breeds/polish-lowland-sheepdog/","medium ENERGY","medium size","169","Clever","Confident","Lively","Herding Group","Lively, clever, confident; very loyal, but an independent worker.","Polish Lowland Sheepdog"
"http://www.akc.org/dog-breeds/portuguese-pointer/",,,,,,,"FSS",,"Portuguese Pointer"
"http://www.akc.org/dog-breeds/portuguese-podengo-pequeno/","medium ENERGY","small size","158","Charming","Lively","Playful","Hound Group","Lively, alert, playful; charming and well mannered around the house.","Portuguese Podengo Pequeno"
"http://www.akc.org/dog-breeds/pumi/","high ENERGY","small size",,"Energetic","Lively","Ready To Work","Herding Group",,"Pumi"
"http://www.akc.org/dog-breeds/pyrenean-shepherd/","medium ENERGY","medium size","181","Active","Affectionate","Enthusiastic","Herding Group","Enthusiastic, mischievous, and whip-smart; playful with family, wary of strangers.","Pyrenean Shepherd"
"http://www.akc.org/dog-breeds/pug/","medium ENERGY","small size","34","Charming","Loving","Mischievous","Toy Group","Even-tempered, charming, mischievous and loving.","Pug"
"http://www.akc.org/dog-breeds/portuguese-water-dog/","high ENERGY","medium size","53","Adventurous","Affectionate","Athletic","Working Group","The PWD is an “A” student: Affectionate, athletic, and adventurous.","Portuguese Water Dog"
"http://www.akc.org/dog-breeds/pyrenean-mastiff/","medium ENERGY","large size",,,,,,"Calm, patient, smart; strong-willed yet affectionate.","Pyrenean Mastiff"
"http://www.akc.org/dog-breeds/puli/","medium ENERGY","medium size","159","Home-loving","Loyal","Smart","Herding Group","Loyal, smart, home-loving; strong-willed but trainable.","Puli"
"http://www.akc.org/dog-breeds/redbone-coonhound/","medium ENERGY","medium size","144","Amiable","Eager To Please","Even-tempered","Hound Group","Even-tempered, amiable, and kindly at home, but a tiger on the trail.","Redbone Coonhound"
"http://www.akc.org/dog-breeds/rhodesian-ridgeback/","medium ENERGY","medium size","41","Affectionate","Dignified","Even-tempered","Hound Group","Dignified, even tempered; affectionate toward loved ones, reserved with strangers.","Rhodesian Ridgeback"
"http://www.akc.org/dog-breeds/rat-terrier/","medium ENERGY","small size","105","Friendly","Inquisitive","Lovable","Terrier Group","Friendly, lovable, inquisitive; fearlessly game for just about anything.","Rat Terrier"
"http://www.akc.org/dog-breeds/rottweiler/","medium ENERGY","medium size","9","Confident Guardian","Loving","Loyal","Working Group","Reserved with strangers and affectionate and loyal with his family.","Rottweiler"
"http://www.akc.org/dog-breeds/portuguese-sheepdog/",,,,,,,"FSS",,"Portuguese Sheepdog"
"http://www.akc.org/dog-breeds/rafeiro-do-alentejo/",,,,,,,"FSS",,"Rafeiro do Alentejo"
"http://www.akc.org/dog-breeds/russell-terrier/","high ENERGY","small size","108","Alert","Inquisitive","Lively","Terrier Group","Alert, lively, inquisitive, and friendly.","Russell Terrier"
"http://www.akc.org/dog-breeds/russian-toy/",,,,,,,"FSS",,"Russian Toy"
"http://www.akc.org/dog-breeds/russian-tsvetnaya-bolonka/",,,,,,,"FSS",,"Russian Tsvetnaya Bolonka"
"http://www.akc.org/dog-breeds/samoyed/","medium ENERGY","medium size","63","Adaptable","Friendly","Gentle","Working Group","Gentle, adaptable, eager, friendly; conservative but never shy","Samoyed"
"http://www.akc.org/dog-breeds/scottish-deerhound/","medium ENERGY","large size","151","Dignified","Gentle","Polite","Hound Group","Dignified, gentle, polite; quietly intelligent and perceptive.","Scottish Deerhound"
"http://www.akc.org/dog-breeds/scottish-terrier/","medium ENERGY","small size","60","Confident","Independent","Spirited","Terrier Group","Independent, confident, and never shy; spirited but dignified","Scottish Terrier"
"http://www.akc.org/dog-breeds/schipperke/","medium ENERGY","small size","113","Alert","Confident","Curious","Non Sporting Group","Alert, curious, confident; intense, but with a dash of mischief and impudence","Schipperke"
"http://www.akc.org/dog-breeds/sealyham-terrier/","medium ENERGY","small size","163","Alert","Outgoing","Sense Of Humor","Terrier Group","Alert and outgoing; stubbornness is tempered by a sly sense of humor","Sealyham Terrier"
"http://www.akc.org/dog-breeds/shetland-sheepdog/","medium ENERGY","medium size","24","Bright","Energetic","Playful","Herding Group","Bright, playful, and energetic","Shetland Sheepdog"
"http://www.akc.org/dog-breeds/shiba-inu/","medium ENERGY","medium size","46","Active","Alert","Attentive","Non Sporting Group","Alert, active, and attentive","Shiba Inu"
"http://www.akc.org/dog-breeds/saluki/","medium ENERGY","medium size","137","Dignified","Gentle","Independent-minded","Hound Group","Gentle, dignified, loyal but independent-minded.","Saluki"
"http://www.akc.org/dog-breeds/schapendoes/","low ENERGY","small size",,,,,,,"Schapendoes"
"http://www.akc.org/dog-breeds/shih-tzu/","medium ENERGY","small size","20","Affectionate","Outgoing","Playful","Toy Group","Outgoing, affectionate, playful and charming","Shih Tzu"
"http://www.akc.org/dog-breeds/siberian-husky/","high ENERGY","medium size","12","Loyal","Mischievous","Outgoing","Working Group","Friendly, gentle, dignified; alert, but not aggressive.","Siberian Husky"
"http://www.akc.org/dog-breeds/skye-terrier/","medium ENERGY","medium size","180","Canny","Courageous","Good-tempered","Terrier Group","Plucky but dignified, calm but sometimes stubborn; famously loyal and devoted.","Skye Terrier"
"http://www.akc.org/dog-breeds/silky-terrier/","medium ENERGY","small size","106","Friendly","Keenly Alert","Quick","Toy Group","Friendly, vivacious, cheeky; in all ways a true terrier.","Silky Terrier"
"http://www.akc.org/dog-breeds/smooth-fox-terrier/","medium ENERGY","medium size","127","Amusing","Friendly","Independent","Terrier Group","Friendly and family oriented; bright enough to have a mind of their own","Smooth Fox Terrier"
"http://www.akc.org/dog-breeds/soft-coated-wheaten-terrier/","medium ENERGY","medium size","48","Deeply Devoted","Friendly","Happy","Terrier Group","Happy, friendly, and deeply devoted; just stubborn enough to remind you they’re terriers.","Soft Coated Wheaten Terrier"
"http://www.akc.org/dog-breeds/shikoku/","low ENERGY","small size",,,,,,,"Shikoku"
"http://www.akc.org/dog-breeds/sloughi/","high ENERGY","medium size","117","Graceful","Noble","Reserved","Hound Group","Noble and somewhat aloof, however are faithful to owners","Sloughi"
"http://www.akc.org/dog-breeds/slovensky-cuvac/",,,,,,,"FSS",,"Slovensky Cuvac"
"http://www.akc.org/dog-breeds/spanish-water-dog/","medium ENERGY","medium size","172",,,,"Herding Group","Faithful, hardworking, lively; affectionate with family, and a vigilant watchdog","Spanish Water Dog"
"http://www.akc.org/dog-breeds/slovensky-kopov/","medium ENERGY","medium size",,,,,,,"Slovensky Kopov"
"http://www.akc.org/dog-breeds/spinone-italiano/","medium ENERGY","medium size","116","Docile","Patient","Sociable","Sporting Group","Sociable, docile, patient; occasionally stubborn but always a character.","Spinone Italiano"
"http://www.akc.org/dog-breeds/small-munsterlander-pointer/",,,,,,,"FSS",,"Small Munsterlander Pointer"
"http://www.akc.org/dog-breeds/standard-schnauzer/","medium ENERGY","medium size","95","Fearless","Smart","Spirited","Working Group","Smart, fearless, sometimes willful; spirited, but ever reliable.","Standard Schnauzer"
"http://www.akc.org/dog-breeds/sussex-spaniel/","medium ENERGY","medium size","178","Even-tempered","Friendly","Merry","Sporting Group","Merry and friendly, in the classic spaniel manner.","Sussex Spaniel"
"http://www.akc.org/dog-breeds/swedish-vallhund/","high ENERGY","medium size","160","Energetic","Friendly","Watchful","Herding Group","Sociable, cheerful, alert, and blessed with classic herding-dog intelligence.","Swedish Vallhund"
"http://www.akc.org/dog-breeds/stabyhoun/",,,,,,,"FSS",,"Stabyhoun"
"http://www.akc.org/dog-breeds/spanish-mastiff/",,,,,,,"FSS",,"Spanish Mastiff"
"http://www.akc.org/dog-breeds/staffordshire-bull-terrier/","medium ENERGY","medium size","82",,,,"Terrier Group","Brave, tenacious, a bit stubborn; but also gentle, playful, and clever.","Staffordshire Bull Terrier"
"http://www.akc.org/dog-breeds/tibetan-spaniel/","medium ENERGY","small size","120","Bright","Playful","Self-confident","Non Sporting Group","Self-confident, bright, loving, and playful.","Tibetan Spaniel"
"http://www.akc.org/dog-breeds/thai-ridgeback/",,,,,,,"FSS",,"Thai Ridgeback"
"http://www.akc.org/dog-breeds/st-bernard/","medium ENERGY","large size","50","Friendly","Outgoing","Patient","Working Group","Friendly, patient, outgoing; known as a great “nanny dog” for kids.","St. Bernard"
"http://www.akc.org/dog-breeds/swedish-lapphund/",,,,,,,"FSS",,"Swedish Lapphund"
"http://www.akc.org/dog-breeds/tibetan-mastiff/","medium ENERGY","large size","138","Independent","Intelligent","Reserved","Working Group","Mellow and calm around the house; devoted to family, reserved and territorial with strangers.","Tibetan Mastiff"
"http://www.akc.org/dog-breeds/toy-fox-terrier/","medium ENERGY","small size","114","Alert","Friendly","Intelligent","Toy Group","Toy Fox Terriers are outgoing and friendly, yet fiercely loyal to their families.","Toy Fox Terrier"
"http://www.akc.org/dog-breeds/treeing-tennessee-brindle/","low ENERGY","small size",,,,,,,"Treeing Tennessee Brindle"
"http://www.akc.org/dog-breeds/tibetan-terrier/","medium ENERGY","medium size","94","Affectionate","Loyal","Sensitive","Non Sporting Group","Affectionate, sensitive, clever, and vocal; TTs are like little people in dog suits.","Tibetan Terrier"
"http://www.akc.org/dog-breeds/vizsla/","high ENERGY","medium size","33","Affectionate","Energetic","Gentle","Sporting Group","Gentle, affectionate, energetic and eager.","Vizsla"
"http://www.akc.org/dog-breeds/treeing-walker-coonhound/","medium ENERGY","medium size","122","Brave","Courteous","Smart","Hound Group","Smart, brave, and often described as sensible and courteous.","Treeing Walker Coonhound"
"http://www.akc.org/dog-breeds/tornjak/",,,,,,,"FSS",,"Tornjak"
"http://www.akc.org/dog-breeds/weimaraner/","high ENERGY","medium size","34","Fearless","Friendly","Obedient","Sporting Group","Friendly, fearless, alert, obedient.","Weimaraner"
"http://www.akc.org/dog-breeds/tosa/",,,,,,,"FSS",,"Tosa"
"http://www.akc.org/dog-breeds/transylvanian-hound/",,,,,,,"FSS",,"Transylvanian Hound"
"http://www.akc.org/dog-breeds/whippet/","medium ENERGY","medium size","59","Affectionate","Calm","Playful","Hound Group","Calm, affectionate, and playful.","Whippet"
"http://www.akc.org/dog-breeds/west-highland-white-terrier/","medium ENERGY","small size","42","Entertaining","Happy","Loyal","Terrier Group","Happy, smart, loyal, entertaining.","West Highland White Terrier"
"http://www.akc.org/dog-breeds/wirehaired-pointing-griffon/","high ENERGY","medium size","68","Devoted","Friendly","Trainable","Sporting Group","Outgoing, eager, quick-minded; trustworthy in the field and around the house.","Wirehaired Pointing Griffon"
"http://www.akc.org/dog-breeds/welsh-springer-spaniel/","medium ENERGY","medium size","127","Happy","Reserved","Upbeat","Sporting Group","Happy, upbeat, family oriented; reserved but not shy with strangers.","Welsh Springer Spaniel"
"http://www.akc.org/dog-breeds/xoloitzcuintli/","medium ENERGY","medium size","140","Alert","Calm","Loyal","Non Sporting Group","Loyal, alert, calm, trainable; like any good watchdog, they're wary of strangers.","Xoloitzcuintli"
"http://www.akc.org/dog-breeds/welsh-terrier/","medium ENERGY","small size","112","Friendly","Intelligent","Spirited","Terrier Group","As alert and spirited as any self-respecting terrier, but a bit calmer than most.","Welsh Terrier"
"http://www.akc.org/dog-breeds/yorkshire-terrier/","medium ENERGY","small size","7","Affectionate","Sprightly","Tomboyish","Toy Group","Sprightly, tomboyish, and affectionate","Yorkshire Terrier"
"http://www.akc.org/dog-breeds/wire-fox-terrier/","medium ENERGY","medium size","98","Alert","Confident","Gregarious","Terrier Group","Gregarious, alert, and confident, Wires crave attention from their loved ones.","Wire Fox Terrier"
"http://www.akc.org/dog-breeds/wirehaired-vizsla/","medium ENERGY","medium size","161","Gentle","Loyal","Trainable","Sporting Group","Calm and gentle around the house; an exuberant hunter on land or lake.","Wirehaired Vizsla"
"http://www.akc.org/dog-breeds/working-kelpie/",,,,,,,"FSS",,"Working Kelpie"
